Date,Metric,Forecast,Reconciliation%,% Reconciliation,Issue count
2016-11-21T00:00:00.000,15923,-17210.6667,-1287.6667,-7.48,0
2016-11-21T01:00:00.000,8836,-9395.3333,-559.3333,-5.95,0
2016-11-21T02:00:00.000,5815,-4925.3333,889.6667,15.3,0
2016-11-21T03:00:00.000,3146,-2849.3333,296.6667,9.43,0
2016-11-21T04:00:00.000,2294,-2198.6667,95.3333,4.16,0
2016-11-21T05:00:00.000,2932,-2920,12,0.41,0
2016-11-21T06:00:00.000,6075,-5423.6667,651.3333,10.72,0
2016-11-21T07:00:00.000,14700,-12121.3333,2578.6667,17.54,0
2016-11-21T08:00:00.000,23247,-20185.3333,3061.6667,13.17,0
2016-11-21T09:00:00.000,48322,-52197.3333,-3875.3333,-7.42,0
2016-11-21T10:00:00.000,38954,-54676.3333,-15722.3333,-28.76,0
2016-11-21T11:00:00.000,44570,-43770,800,1.79,0
2016-11-21T12:00:00.000,56244,-58548,-2304,-3.94,0
2016-11-21T13:00:00.000,57176,-77859.3333,-20683.3333,-26.57,0
2016-11-21T14:00:00.000,52917,-65921.6667,-13004.6667,-19.73,0
2016-11-21T15:00:00.000,55718,-70231,-14513,-20.66,0
2016-11-21T16:00:00.000,53181,-70881.3333,-17700.3333,-24.97,0
2016-11-21T17:00:00.000,60977,-73776.6667,-12799.6667,-17.35,0
2016-11-21T18:00:00.000,56302,-59257.3333,-2955.3333,-4.99,0
2016-11-21T19:00:00.000,51749,-57633,-5884,-10.21,0
2016-11-21T20:00:00.000,47532,-54654,-7122,-13.03,0
2016-11-21T21:00:00.000,46810,-51581,-4771,-9.25,0
2016-11-21T22:00:00.000,59139,-43668.3333,15470.6667,26.16,0
2016-11-21T23:00:00.000,30700,-32032.3333,-1332.3333,-4.16,0
2016-11-22T00:00:00.000,17026,-19881,-2855,-14.36,0
2016-11-22T01:00:00.000,9752,-10941.25,-1189.25,-10.87,0
2016-11-22T02:00:00.000,5305,-6491.25,-1186.25,-18.27,0
2016-11-22T03:00:00.000,2775,-3657.25,-882.25,-24.12,0
2016-11-22T04:00:00.000,2081,-2452.25,-371.25,-15.14,0
2016-11-22T05:00:00.000,2460,-2698.5,-238.5,-8.84,0
2016-11-22T06:00:00.000,6044,-5191.25,852.75,14.11,0
2016-11-22T07:00:00.000,13969,-11714.25,2254.75,16.14,0
2016-11-22T08:00:00.000,23353,-19172.5,4180.5,17.9,0
2016-11-22T09:00:00.000,79535,-59157.75,20377.25,25.62,0
2016-11-22T10:00:00.000,71649,-55861.5,15787.5,22.03,0
2016-11-22T11:00:00.000,46978,-59943.75,-12965.75,-21.63,0
2016-11-22T12:00:00.000,53474,-58757.75,-5283.75,-8.99,0
2016-11-22T13:00:00.000,53568,-64153.75,-10585.75,-16.5,0
2016-11-22T14:00:00.000,44606,-60464,-15858,-26.23,0
2016-11-22T15:00:00.000,46458,-61066.5,-14608.5,-23.92,0
2016-11-22T16:00:00.000,51790,-62480.25,-10690.25,-17.11,0
2016-11-22T17:00:00.000,61347,-68773.5,-7426.5,-10.8,0
2016-11-22T18:00:00.000,59864,-69942.5,-10078.5,-14.41,0
2016-11-22T19:00:00.000,56044,-71269,-15225,-21.36,0
2016-11-22T20:00:00.000,54080,-70270.5,-16190.5,-23.04,0
2016-11-22T21:00:00.000,53028,-51246,1782,3.36,0
2016-11-22T22:00:00.000,43410,-43564.75,-154.75,-0.36,0
2016-11-22T23:00:00.000,30096,-32033.5,-1937.5,-6.05,0
2016-11-23T00:00:00.000,17147,-18585.75,-1438.75,-7.74,0
2016-11-23T01:00:00.000,9480,-9917,-437,-4.41,0
2016-11-23T02:00:00.000,5768,-5851.75,-83.75,-1.43,0
2016-11-23T03:00:00.000,3273,-3440.25,-167.25,-4.86,0
2016-11-23T04:00:00.000,2568,-2459.75,108.25,4.22,0
2016-11-23T05:00:00.000,2659,-2651.5,7.5,0.28,0
2016-11-23T06:00:00.000,5714,-5190,524,9.17,0
2016-11-23T07:00:00.000,14480,-12693.75,1786.25,12.34,0
2016-11-23T08:00:00.000,22359,-19961.5,2397.5,10.72,0
2016-11-23T09:00:00.000,64663,-72015.5,-7352.5,-10.21,0
2016-11-23T10:00:00.000,99197,-64470.25,34726.75,35.01,0
2016-11-23T11:00:00.000,62088,-61613.25,474.75,0.76,0
2016-11-23T12:00:00.000,56279,-69391.25,-13112.25,-18.9,0
2016-11-23T13:00:00.000,58911,-69815.75,-10904.75,-15.62,0
2016-11-23T14:00:00.000,47212,-65863,-18651,-28.32,0
2016-11-23T15:00:00.000,48770,-62136.5,-13366.5,-21.51,0
2016-11-23T16:00:00.000,52592,-49718.25,2873.75,5.46,0
2016-11-23T17:00:00.000,60206,-56074,4132,6.86,0
2016-11-23T18:00:00.000,57800,-55256.75,2543.25,4.4,0
2016-11-23T19:00:00.000,57886,-60031.25,-2145.25,-3.57,0
2016-11-23T20:00:00.000,53678,-54053.5,-375.5,-0.69,0
2016-11-23T21:00:00.000,44609,-53049.25,-8440.25,-15.91,0
2016-11-23T22:00:00.000,42194,-45167.5,-2973.5,-6.58,0
2016-11-23T23:00:00.000,39456,-32023.75,7432.25,18.84,0
2016-11-24T00:00:00.000,17319,-17700.5,-381.5,-2.16,0
2016-11-24T01:00:00.000,9325,-10086,-761,-7.55,0
2016-11-24T02:00:00.000,5274,-5507,-233,-4.23,0
2016-11-24T03:00:00.000,2855,-3177,-322,-10.14,0
2016-11-24T04:00:00.000,2172,-2273.25,-101.25,-4.45,0
2016-11-24T05:00:00.000,2768,-2767.75,0.25,0.01,0
2016-11-24T06:00:00.000,5323,-5580.5,-257.5,-4.61,0
2016-11-24T07:00:00.000,14232,-13456.25,775.75,5.45,0
2016-11-24T08:00:00.000,22137,-21414.25,722.75,3.26,0
2016-11-24T09:00:00.000,84019,-69308.5,14710.5,17.51,0
2016-11-24T10:00:00.000,94217,-62601.75,31615.25,33.56,0
2016-11-24T11:00:00.000,67416,-61192.25,6223.75,9.23,0
2016-11-24T12:00:00.000,52116,-57494.25,-5378.25,-9.35,0
2016-11-24T13:00:00.000,54426,-55422.75,-996.75,-1.8,0
2016-11-24T14:00:00.000,45546,-46753,-1207,-2.58,0
2016-11-24T15:00:00.000,47462,-47706.25,-244.25,-0.51,0
2016-11-24T16:00:00.000,54011,-51772,2239,4.15,0
2016-11-24T17:00:00.000,62734,-60394.25,2339.75,3.73,0
2016-11-24T18:00:00.000,58753,-59956,-1203,-2.01,0
2016-11-24T19:00:00.000,55402,-58221.5,-2819.5,-4.84,0
2016-11-24T20:00:00.000,52478,-55440,-2962,-5.34,0
2016-11-24T21:00:00.000,49040,-52638,-3598,-6.84,0
2016-11-24T22:00:00.000,44452,-44123.25,328.75,0.74,0
2016-11-24T23:00:00.000,30036,-32913,-2877,-8.74,0
2016-11-25T00:00:00.000,16774,-20116,-3342,-16.61,0
2016-11-25T01:00:00.000,9638,-11296,-1658,-14.68,0
2016-11-25T02:00:00.000,5484,-6628.5,-1144.5,-17.27,0
2016-11-25T03:00:00.000,3243,-4312.25,-1069.25,-24.8,0
2016-11-25T04:00:00.000,2296,-2865.25,-569.25,-19.87,0
2016-11-25T05:00:00.000,2707,-3166.75,-459.75,-14.52,0
2016-11-25T06:00:00.000,5430,-5380,50,0.92,0
2016-11-25T07:00:00.000,13910,-11428,2482,17.84,0
2016-11-25T08:00:00.000,23212,-18898.5,4313.5,18.58,0
2016-11-25T09:00:00.000,44016,-57917.75,-13901.75,-24,0
2016-11-25T10:00:00.000,40349,-41972.5,-1623.5,-3.87,0
2016-11-25T11:00:00.000,43320,-44726.25,-1406.25,-3.14,0
2016-11-25T12:00:00.000,53537,-51105.25,2431.75,4.54,0
2016-11-25T13:00:00.000,68016,-54288.25,13727.75,20.18,0
2016-11-25T14:00:00.000,48077,-58971.25,-10894.25,-18.47,0
2016-11-25T15:00:00.000,53974,-54332,-358,-0.66,0
2016-11-25T16:00:00.000,57011,-51724.75,5286.25,9.27,0
2016-11-25T17:00:00.000,61611,-58853,2758,4.48,0
2016-11-25T18:00:00.000,59558,-57915.25,1642.75,2.76,0
2016-11-25T19:00:00.000,55980,-55328.5,651.5,1.16,0
2016-11-25T20:00:00.000,53342,-53877.75,-535.75,-0.99,0
2016-11-25T21:00:00.000,51768,-52125.5,-357.5,-0.69,0
2016-11-25T22:00:00.000,45276,-45712.75,-436.75,-0.96,0
2016-11-25T23:00:00.000,34703,-35835.75,-1132.75,-3.16,0
2016-11-26T00:00:00.000,22892,-23745.75,-853.75,-3.6,0
2016-11-26T01:00:00.000,14365,-14652.25,-287.25,-1.96,0
2016-11-26T02:00:00.000,8185,-8860,-675,-7.62,0
2016-11-26T03:00:00.000,4679,-5512,-833,-15.11,0
2016-11-26T04:00:00.000,2854,-3629.75,-775.75,-21.37,0
2016-11-26T05:00:00.000,3173,-3138.5,34.5,1.09,0
2016-11-26T06:00:00.000,4211,-4262,-51,-1.2,0
2016-11-26T07:00:00.000,7309,-7080,229,3.13,0
2016-11-26T08:00:00.000,13277,-13305,-28,-0.21,0
2016-11-26T09:00:00.000,60561,-51787.5,8773.5,14.49,0
2016-11-26T10:00:00.000,35116,-48193,-13077,-27.13,0
2016-11-26T11:00:00.000,38266,-40120.25,-1854.25,-4.62,0
2016-11-26T12:00:00.000,46348,-52936,-6588,-12.45,0
2016-11-26T13:00:00.000,53284,-59261,-5977,-10.09,0
2016-11-26T14:00:00.000,44576,-45886,-1310,-2.85,0
2016-11-26T15:00:00.000,45008,-45866.25,-858.25,-1.87,0
2016-11-26T16:00:00.000,46501,-47866,-1365,-2.85,0
2016-11-26T17:00:00.000,52564,-51717.75,846.25,1.61,0
2016-11-26T18:00:00.000,51100,-51890.25,-790.25,-1.52,0
2016-11-26T19:00:00.000,49885,-56674.5,-6789.5,-11.98,0
2016-11-26T20:00:00.000,49406,-51823,-2417,-4.66,0
2016-11-26T21:00:00.000,48211,-48748.75,-537.75,-1.1,0
2016-11-26T22:00:00.000,42772,-44203.75,-1431.75,-3.24,0
2016-11-26T23:00:00.000,35244,-36606.5,-1362.5,-3.72,0
2016-11-27T00:00:00.000,24223,-25772.5,-1549.5,-6.01,0
2016-11-27T01:00:00.000,15988,-16840.75,-852.75,-5.06,0
2016-11-27T02:00:00.000,9543,-12481.75,-2938.75,-23.54,0
2016-11-27T03:00:00.000,5823,-6058,-235,-3.88,0
2016-11-27T04:00:00.000,3757,-4387.75,-630.75,-14.38,0
2016-11-27T05:00:00.000,2797,-3316.25,-519.25,-15.66,0
2016-11-27T06:00:00.000,3743,-3785.5,-42.5,-1.12,0
2016-11-27T07:00:00.000,4418,-5454,-1036,-19,0
2016-11-27T08:00:00.000,8596,-10494.25,-1898.25,-18.09,0
2016-11-27T09:00:00.000,51503,-51015.25,487.75,0.95,0
2016-11-27T10:00:00.000,84808,-42102.5,42705.5,50.36,0
2016-11-27T11:00:00.000,92748,-36406,56342,60.75,0
2016-11-27T12:00:00.000,66515,-42587,23928,35.97,0
2016-11-27T13:00:00.000,48394,-50993.75,-2599.75,-5.1,0
2016-11-27T14:00:00.000,40221,-46141.5,-5920.5,-12.83,0
2016-11-27T15:00:00.000,40708,-42397,-1689,-3.98,0
2016-11-27T16:00:00.000,41008,-45084.75,-4076.75,-9.04,0
2016-11-27T17:00:00.000,47742,-50250,-2508,-4.99,0
2016-11-27T18:00:00.000,49293,-50851.5,-1558.5,-3.06,0
2016-11-27T19:00:00.000,48687,-50367.25,-1680.25,-3.34,0
2016-11-27T20:00:00.000,50179,-50216,-37,-0.07,0
2016-11-27T21:00:00.000,47256,-48243.75,-987.75,-2.05,0
2016-11-27T22:00:00.000,39618,-40245.75,-627.75,-1.56,0
2016-11-27T23:00:00.000,29112,-28816.25,295.75,1.02,0
2016-11-28T00:00:00.000,15892,-16888.75,-996.75,-5.9,0
2016-11-28T01:00:00.000,8406,-9255.5,-849.5,-9.18,0
2016-11-28T02:00:00.000,4401,-5147.75,-746.75,-14.51,0
2016-11-28T03:00:00.000,2790,-2923.5,-133.5,-4.57,0
2016-11-28T04:00:00.000,2002,-2222.5,-220.5,-9.92,0
2016-11-28T05:00:00.000,2465,-2923,-458,-15.67,0
2016-11-28T06:00:00.000,5465,-5586.5,-121.5,-2.17,0
2016-11-28T07:00:00.000,13374,-12766,608,4.55,0
2016-11-28T08:00:00.000,22016,-20950.75,1065.25,4.84,0
2016-11-28T09:00:00.000,64551,-51228.5,13322.5,20.64,0
2016-11-28T10:00:00.000,41430,-50745.75,-9315.75,-18.36,0
2016-11-28T11:00:00.000,49435,-43970,5465,11.05,0
2016-11-28T12:00:00.000,63283,-57972,5311,8.39,0
2016-11-28T13:00:00.000,52905,-72688.5,-19783.5,-27.22,0
2016-11-28T14:00:00.000,43995,-62670.5,-18675.5,-29.8,0
2016-11-28T15:00:00.000,46827,-66602.75,-19775.75,-29.69,0
2016-11-28T16:00:00.000,50274,-66456.25,-16182.25,-24.35,0
2016-11-28T17:00:00.000,59180,-70576.75,-11396.75,-16.15,0
2016-11-28T18:00:00.000,56916,-58518.5,-1602.5,-2.74,0
2016-11-28T19:00:00.000,55705,-56162,-457,-0.81,0
2016-11-28T20:00:00.000,51182,-52873.5,-1691.5,-3.2,0
2016-11-28T21:00:00.000,51340,-50388.25,951.75,1.85,0
2016-11-28T22:00:00.000,42945,-47536,-4591,-9.66,0
2016-11-28T23:00:00.000,29089,-31699.25,-2610.25,-8.23,0
2016-11-29T00:00:00.000,16085,-18474,-2389,-12.93,0
2016-11-29T01:00:00.000,8875,-10412.75,-1537.75,-14.77,0
2016-11-29T02:00:00.000,4483,-6210.25,-1727.25,-27.81,0
2016-11-29T03:00:00.000,2452,-3451.5,-999.5,-28.96,0
2016-11-29T04:00:00.000,2020,-2411.5,-391.5,-16.23,0
2016-11-29T05:00:00.000,2377,-2707.25,-330.25,-12.2,0
2016-11-29T06:00:00.000,5698,-5501,197,3.46,0
2016-11-29T07:00:00.000,13818,-12860,958,6.93,0
2016-11-29T08:00:00.000,21101,-20783.75,317.25,1.5,0
2016-11-29T09:00:00.000,73039,-71547,1492,2.04,0
2016-11-29T10:00:00.000,53374,-64719.25,-11345.25,-17.53,0
2016-11-29T11:00:00.000,41989,-61113.25,-19124.25,-31.29,0
2016-11-29T12:00:00.000,52633,-58629.5,-5996.5,-10.23,0
2016-11-29T13:00:00.000,54103,-63353.25,-9250.25,-14.6,0
2016-11-29T14:00:00.000,41256,-50079.5,-8823.5,-17.62,0
2016-11-29T15:00:00.000,50121,-46908.5,3212.5,6.41,0
2016-11-29T16:00:00.000,52535,-50475.25,2059.75,3.92,0
2016-11-29T17:00:00.000,60820,-57850,2970,4.88,0
2016-11-29T18:00:00.000,57675,-58866.5,-1191.5,-2.02,0
2016-11-29T19:00:00.000,53691,-60314,-6623,-10.98,0
2016-11-29T20:00:00.000,52447,-56450.75,-4003.75,-7.09,0
2016-11-29T21:00:00.000,50141,-51370,-1229,-2.39,0
2016-11-29T22:00:00.000,41774,-42988.25,-1214.25,-2.82,0
2016-11-29T23:00:00.000,28266,-30595.25,-2329.25,-7.61,0
2016-11-30T00:00:00.000,14929,-17366.75,-2437.75,-14.04,0
2016-11-30T01:00:00.000,8571,-9166.5,-595.5,-6.5,0
2016-11-30T02:00:00.000,4988,-5592,-604,-10.8,0
2016-11-30T03:00:00.000,2719,-3322,-603,-18.15,0
2016-11-30T04:00:00.000,1848,-2410.75,-562.75,-23.34,0
2016-11-30T05:00:00.000,2471,-2681.25,-210.25,-7.84,0
2016-11-30T06:00:00.000,5682,-5512.25,169.75,2.99,0
2016-11-30T07:00:00.000,13785,-13993.5,-208.5,-1.49,0
2016-11-30T08:00:00.000,20665,-21627,-962,-4.45,0
2016-11-30T09:00:00.000,60566,-69385,-8819,-12.71,0
2016-11-30T10:00:00.000,45710,-70146.25,-24436.25,-34.84,0
2016-11-30T11:00:00.000,41960,-53460.25,-11500.25,-21.51,0
2016-11-30T12:00:00.000,54437,-55975.25,-1538.25,-2.75,0
2016-11-30T13:00:00.000,52069,-58127.75,-6058.75,-10.42,0
2016-11-30T14:00:00.000,45153,-50615.75,-5462.75,-10.79,0
2016-11-30T15:00:00.000,45805,-48550.75,-2745.75,-5.66,0
2016-11-30T16:00:00.000,46976,-50587.75,-3611.75,-7.14,0
2016-11-30T17:00:00.000,58112,-57705.5,406.5,0.7,0
2016-11-30T18:00:00.000,55606,-56337.75,-731.75,-1.3,0
2016-11-30T19:00:00.000,51989,-61102.5,-9113.5,-14.92,0
2016-11-30T20:00:00.000,53440,-54334.25,-894.25,-1.65,0
2016-11-30T21:00:00.000,51928,-51253.25,674.75,1.3,0
2016-11-30T22:00:00.000,41225,-44428.75,-3203.75,-7.21,0
2016-11-30T23:00:00.000,29376,-32891.75,-3515.75,-10.69,0
2016-12-01T00:00:00.000,16438,-16496.5,-58.5,-0.35,0
2016-12-01T01:00:00.000,8373,-8937.5,-564.5,-6.32,0
2016-12-01T02:00:00.000,5061,-5265,-204,-3.87,0
2016-12-01T03:00:00.000,2827,-3101.5,-274.5,-8.85,0
2016-12-01T04:00:00.000,2207,-2140,67,3.04,0
2016-12-01T05:00:00.000,3072,-2735.75,336.25,10.95,0
2016-12-01T06:00:00.000,6058,-5753,305,5.03,0
2016-12-01T07:00:00.000,14113,-14628.25,-515.25,-3.52,0
2016-12-01T08:00:00.000,22269,-23002,-733,-3.19,0
2016-12-01T09:00:00.000,49712,-74163,-24451,-32.97,0
2016-12-01T10:00:00.000,42323,-77447.25,-35124.25,-45.35,0
2016-12-01T11:00:00.000,45637,-67733.75,-22096.75,-32.62,0
2016-12-01T12:00:00.000,53546,-57068,-3522,-6.17,0
2016-12-01T13:00:00.000,56602,-54997,1605,2.84,0
2016-12-01T14:00:00.000,44137,-46584.25,-2447.25,-5.25,0
2016-12-01T15:00:00.000,46747,-47853.25,-1106.25,-2.31,0
2016-12-01T16:00:00.000,50482,-53073.75,-2591.75,-4.88,0
2016-12-01T17:00:00.000,67535,-62153.75,5381.25,7.97,0
2016-12-01T18:00:00.000,59564,-61143,-1579,-2.58,0
2016-12-01T19:00:00.000,57460,-58290,-830,-1.42,0
2016-12-01T20:00:00.000,53993,-55306.25,-1313.25,-2.37,0
2016-12-01T21:00:00.000,53532,-52006.25,1525.75,2.85,0
2016-12-01T22:00:00.000,43386,-43840.25,-454.25,-1.04,0
2016-12-01T23:00:00.000,30309,-31445.75,-1136.75,-3.61,0
2016-12-02T00:00:00.000,16719,-18608.5,-1889.5,-10.15,0
2016-12-02T01:00:00.000,9547,-10514.25,-967.25,-9.2,0
2016-12-02T02:00:00.000,5389,-6155.25,-766.25,-12.45,0
2016-12-02T03:00:00.000,3052,-4050,-998,-24.64,0
2016-12-02T04:00:00.000,2247,-2764.5,-517.5,-18.72,0
2016-12-02T05:00:00.000,2741,-3137.5,-396.5,-12.64,0
2016-12-02T06:00:00.000,5735,-5487.25,247.75,4.32,0
2016-12-02T07:00:00.000,14117,-12512.5,1604.5,11.37,0
2016-12-02T08:00:00.000,22537,-20707.25,1829.75,8.12,0
2016-12-02T09:00:00.000,71854,-60201.75,11652.25,16.22,0
2016-12-02T10:00:00.000,55259,-40829.5,14429.5,26.11,0
2016-12-02T11:00:00.000,47821,-42929.75,4891.25,10.23,0
2016-12-02T12:00:00.000,54714,-52568,2146,3.92,0
2016-12-02T13:00:00.000,56426,-56873,-447,-0.79,0
2016-12-02T14:00:00.000,46623,-59251.75,-12628.75,-21.31,0
2016-12-02T15:00:00.000,50582,-55653.75,-5071.75,-9.11,0
2016-12-02T16:00:00.000,54377,-53613,764,1.41,0
2016-12-02T17:00:00.000,63889,-60072.5,3816.5,5.97,0
2016-12-02T18:00:00.000,62249,-58868,3381,5.43,0
2016-12-02T19:00:00.000,66386,-55073.25,11312.75,17.04,0
2016-12-02T20:00:00.000,56390,-53896.25,2493.75,4.42,0
2016-12-02T21:00:00.000,53640,-51605.75,2034.25,3.79,0
2016-12-02T22:00:00.000,45523,-44989,534,1.17,0
2016-12-02T23:00:00.000,35222,-34825.75,396.25,1.13,0
2016-12-03T00:00:00.000,23427,-22837,590,2.52,0
2016-12-03T01:00:00.000,13800,-13970.75,-170.75,-1.22,0
2016-12-03T02:00:00.000,7518,-8390.25,-872.25,-10.4,0
2016-12-03T03:00:00.000,4707,-5174,-467,-9.03,0
2016-12-03T04:00:00.000,3100,-3339.75,-239.75,-7.18,0
2016-12-03T05:00:00.000,3136,-3100.75,35.25,1.12,0
2016-12-03T06:00:00.000,4372,-4311.5,60.5,1.38,0
2016-12-03T07:00:00.000,7556,-7361,195,2.58,0
2016-12-03T08:00:00.000,13409,-13833.5,-424.5,-3.07,0
2016-12-03T09:00:00.000,27792,-58677.5,-30885.5,-52.64,0
2016-12-03T10:00:00.000,34740,-44157,-9417,-21.33,0
2016-12-03T11:00:00.000,41114,-40346,768,1.87,0
2016-12-03T12:00:00.000,49347,-53019.5,-3672.5,-6.93,0
2016-12-03T13:00:00.000,52765,-58930.5,-6165.5,-10.46,0
2016-12-03T14:00:00.000,45426,-45979,-553,-1.2,0
2016-12-03T15:00:00.000,45380,-46039.5,-659.5,-1.43,0
2016-12-03T16:00:00.000,45104,-48535.75,-3431.75,-7.07,0
2016-12-03T17:00:00.000,52088,-52737,-649,-1.23,0
2016-12-03T18:00:00.000,52162,-52467,-305,-0.58,0
2016-12-03T19:00:00.000,52142,-56091.75,-3949.75,-7.04,0
2016-12-03T20:00:00.000,50594,-51384,-790,-1.54,0
2016-12-03T21:00:00.000,48180,-48279,-99,-0.21,0
2016-12-03T22:00:00.000,43098,-43643.25,-545.25,-1.25,0
2016-12-03T23:00:00.000,34756,-35552.5,-796.5,-2.24,0
2016-12-04T00:00:00.000,24345,-24638.25,-293.25,-1.19,0
2016-12-04T01:00:00.000,15779,-16070,-291,-1.81,0
2016-12-04T02:00:00.000,9294,-9976.25,-682.25,-6.84,0
2016-12-04T03:00:00.000,5443,-6289.75,-846.75,-13.46,0
2016-12-04T04:00:00.000,3905,-4420,-515,-11.65,0
2016-12-04T05:00:00.000,3156,-3228.75,-72.75,-2.25,0
2016-12-04T06:00:00.000,3401,-3768,-367,-9.74,0
2016-12-04T07:00:00.000,4798,-5007.75,-209.75,-4.19,0
2016-12-04T08:00:00.000,9192,-9499,-307,-3.23,0
2016-12-04T09:00:00.000,19338,-49113,-29775,-60.63,0
2016-12-04T10:00:00.000,26115,-42836.25,-16721.25,-39.04,0
2016-12-04T11:00:00.000,32301,-48943,-16642,-34,0
2016-12-04T12:00:00.000,41616,-48411,-6795,-14.04,0
2016-12-04T13:00:00.000,47355,-50371.5,-3016.5,-5.99,0
2016-12-04T14:00:00.000,41560,-44871.25,-3311.25,-7.38,0
2016-12-04T15:00:00.000,41451,-42311.25,-860.25,-2.03,0
2016-12-04T16:00:00.000,55868,-45143,10725,19.2,0
2016-12-04T17:00:00.000,50212,-49964,248,0.49,0
2016-12-04T18:00:00.000,49687,-50789,-1102,-2.17,0
2016-12-04T19:00:00.000,49689,-50253.5,-564.5,-1.12,0
2016-12-04T20:00:00.000,49870,-50582.75,-712.75,-1.41,0
2016-12-04T21:00:00.000,49640,-48517.75,1122.25,2.26,0
2016-12-04T22:00:00.000,41780,-40373.25,1406.75,3.37,0
2016-12-04T23:00:00.000,27519,-29054.5,-1535.5,-5.28,0
2016-12-05T00:00:00.000,15505,-16510.5,-1005.5,-6.09,0
2016-12-05T01:00:00.000,8063,-9167.5,-1104.5,-12.05,0
2016-12-05T02:00:00.000,4072,-4982.75,-910.75,-18.28,0
2016-12-05T03:00:00.000,2582,-2855,-273,-9.56,0
2016-12-05T04:00:00.000,2284,-2191.75,92.25,4.04,0
2016-12-05T05:00:00.000,2673,-3038.5,-365.5,-12.03,0
2016-12-05T06:00:00.000,5532,-5984.25,-452.25,-7.56,0
2016-12-05T07:00:00.000,13801,-14159,-358,-2.53,0
2016-12-05T08:00:00.000,22140,-23173.25,-1033.25,-4.46,0
2016-12-05T09:00:00.000,51128,-62181.25,-11053.25,-17.78,0
2016-12-05T10:00:00.000,37855,-53961.75,-16106.75,-29.85,0
2016-12-05T11:00:00.000,42689,-48610.75,-5921.75,-12.18,0
2016-12-05T12:00:00.000,53337,-58116,-4779,-8.22,0
2016-12-05T13:00:00.000,53846,-54830.25,-984.25,-1.8,0
2016-12-05T14:00:00.000,46124,-48289.25,-2165.25,-4.48,0
2016-12-05T15:00:00.000,47928,-53961.5,-6033.5,-11.18,0
2016-12-05T16:00:00.000,52481,-52400.5,80.5,0.15,0
2016-12-05T17:00:00.000,61197,-60779,418,0.68,0
2016-12-05T18:00:00.000,58296,-58747.75,-451.75,-0.77,0
2016-12-05T19:00:00.000,56035,-56010,25,0.04,0
2016-12-05T20:00:00.000,53415,-52703.25,711.75,1.33,0
2016-12-05T21:00:00.000,52525,-50966.75,1558.25,2.97,0
2016-12-05T22:00:00.000,43239,-47769.5,-4530.5,-9.48,0
2016-12-05T23:00:00.000,28496,-30535,-2039,-6.68,0
2016-12-06T00:00:00.000,15633,-16939.5,-1306.5,-7.71,0
2016-12-06T01:00:00.000,8949,-9302,-353,-3.79,0
2016-12-06T02:00:00.000,4904,-5217.75,-313.75,-6.01,0
2016-12-06T03:00:00.000,3089,-2854.25,234.75,7.6,0
2016-12-06T04:00:00.000,2255,-2062,193,8.56,0
2016-12-06T05:00:00.000,2626,-2554.25,71.75,2.73,0
2016-12-06T06:00:00.000,5627,-5807.5,-180.5,-3.11,0
2016-12-06T07:00:00.000,14547,-14466.5,80.5,0.55,0
2016-12-06T08:00:00.000,23563,-22667.75,895.25,3.8,0
2016-12-06T09:00:00.000,36365,-75657,-39292,-51.93,0
2016-12-06T10:00:00.000,40504,-65857.5,-25353.5,-38.5,0
2016-12-06T11:00:00.000,42728,-58873,-16145,-27.42,0
2016-12-06T12:00:00.000,53683,-58839.25,-5156.25,-8.76,0
2016-12-06T13:00:00.000,54971,-54941,30,0.05,0
2016-12-06T14:00:00.000,46857,-49142.5,-2285.5,-4.65,0
2016-12-06T15:00:00.000,48252,-48304.5,-52.5,-0.11,0
2016-12-06T16:00:00.000,51348,-52355.25,-1007.25,-1.92,0
2016-12-06T17:00:00.000,60952,-60425.5,526.5,0.86,0
2016-12-06T18:00:00.000,58857,-59448.25,-591.25,-0.99,0
2016-12-06T19:00:00.000,64763,-60485,4278,6.61,0
2016-12-06T20:00:00.000,55225,-57192.5,-1967.5,-3.44,0
2016-12-06T21:00:00.000,51764,-52043,-279,-0.54,0
2016-12-06T22:00:00.000,42154,-43400,-1246,-2.87,0
2016-12-06T23:00:00.000,30276,-29905.25,370.75,1.22,0
2016-12-07T00:00:00.000,16343,-16643.75,-300.75,-1.81,0
2016-12-07T01:00:00.000,9239,-8948,291,3.15,0
2016-12-07T02:00:00.000,5050,-5512.5,-462.5,-8.39,0
2016-12-07T03:00:00.000,2855,-3189,-334,-10.47,0
2016-12-07T04:00:00.000,2067,-2275.75,-208.75,-9.17,0
2016-12-07T05:00:00.000,2477,-2733.5,-256.5,-9.38,0
2016-12-07T06:00:00.000,5671,-5798.75,-127.75,-2.2,0
2016-12-07T07:00:00.000,14223,-14420,-197,-1.37,0
2016-12-07T08:00:00.000,22286,-22181.5,104.5,0.47,0
2016-12-07T09:00:00.000,77265,-69379.5,7885.5,10.21,0
2016-12-07T10:00:00.000,92086,-70485,21601,23.46,0
2016-12-07T11:00:00.000,86406,-52385.75,34020.25,39.37,0
2016-12-07T12:00:00.000,55172,-55414.25,-242.25,-0.44,0
2016-12-07T13:00:00.000,54518,-56070.75,-1552.75,-2.77,0
2016-12-07T14:00:00.000,48393,-47768.75,624.25,1.29,0
2016-12-07T15:00:00.000,50254,-48101.25,2152.75,4.28,0
2016-12-07T16:00:00.000,53571,-49900.75,3670.25,6.85,0
2016-12-07T17:00:00.000,59285,-58280.5,1004.5,1.69,0
2016-12-07T18:00:00.000,58207,-56464.75,1742.25,2.99,0
2016-12-07T19:00:00.000,54140,-60646.75,-6506.75,-10.73,0
2016-12-07T20:00:00.000,55762,-54550.5,1211.5,2.17,0
2016-12-07T21:00:00.000,51715,-51145.75,569.25,1.1,0
2016-12-07T22:00:00.000,44143,-43751.75,391.25,0.89,0
2016-12-07T23:00:00.000,29999,-32790.75,-2791.75,-8.51,0
2016-12-08T00:00:00.000,16655,-16901,-246,-1.46,0
2016-12-08T01:00:00.000,8591,-9100.25,-509.25,-5.6,0
2016-12-08T02:00:00.000,4621,-5157.75,-536.75,-10.41,0
2016-12-08T03:00:00.000,2959,-3020.25,-61.25,-2.03,0
2016-12-08T04:00:00.000,2159,-2164,-5,-0.23,0
2016-12-08T05:00:00.000,2488,-2837.25,-349.25,-12.31,0
2016-12-08T06:00:00.000,5533,-5759.5,-226.5,-3.93,0
2016-12-08T07:00:00.000,13800,-14328.5,-528.5,-3.69,0
2016-12-08T08:00:00.000,22183,-22545.5,-362.5,-1.61,0
2016-12-08T09:00:00.000,68058,-69740.5,-1682.5,-2.41,0
2016-12-08T10:00:00.000,94419,-66211,28208,29.88,0
2016-12-08T11:00:00.000,102736,-52530.25,50205.75,48.87,0
2016-12-08T12:00:00.000,106826,-53752.25,53073.75,49.68,0
2016-12-08T13:00:00.000,104875,-55253.5,49621.5,47.31,0
2016-12-08T14:00:00.000,100899,-46011,54888,54.4,0
2016-12-08T15:00:00.000,104319,-48056,56263,53.93,0
2016-12-08T16:00:00.000,109506,-52814.5,56691.5,51.77,0
2016-12-08T17:00:00.000,118241,-64078.5,54162.5,45.81,0
2016-12-08T18:00:00.000,115958,-61252.5,54705.5,47.18,0
2016-12-08T19:00:00.000,105725,-58466.75,47258.25,44.7,0
2016-12-08T20:00:00.000,108027,-55037.5,52989.5,49.05,0
2016-12-08T21:00:00.000,53396,-52406.75,989.25,1.85,0
2016-12-08T22:00:00.000,43009,-44058.25,-1049.25,-2.38,0
2016-12-08T23:00:00.000,29894,-31356.25,-1462.25,-4.66,0
2016-12-09T00:00:00.000,16384,-18461.75,-2077.75,-11.25,0
2016-12-09T01:00:00.000,8759,-10578.75,-1819.75,-17.2,0
2016-12-09T02:00:00.000,5708,-6264.75,-556.75,-8.89,0
2016-12-09T03:00:00.000,3038,-3721,-683,-18.36,0
2016-12-09T04:00:00.000,2224,-2606,-382,-14.66,0
2016-12-09T05:00:00.000,2584,-3076.25,-492.25,-16,0
2016-12-09T06:00:00.000,5673,-5275.25,397.75,7.01,0
2016-12-09T07:00:00.000,13668,-12295.25,1372.75,10.04,0
2016-12-09T08:00:00.000,22859,-20512.25,2346.75,10.27,0
2016-12-09T09:00:00.000,87521,-64690.75,22830.25,26.09,0
2016-12-09T10:00:00.000,93778,-44106.75,49671.25,52.97,0
2016-12-09T11:00:00.000,99608,-43714.5,55893.5,56.11,0
2016-12-09T12:00:00.000,106110,-52211.25,53898.75,50.8,0
2016-12-09T13:00:00.000,102270,-56765.25,45504.75,44.49,0
2016-12-09T14:00:00.000,102064,-58778.75,43285.25,42.41,0
2016-12-09T15:00:00.000,87887,-55634.25,32252.75,36.7,0
2016-12-09T16:00:00.000,54836,-53451.75,1384.25,2.52,0
2016-12-09T17:00:00.000,64627,-60565,4062,6.29,0
2016-12-09T18:00:00.000,59732,-58922.75,809.25,1.35,0
2016-12-09T19:00:00.000,60803,-57431,3372,5.55,0
2016-12-09T20:00:00.000,56548,-54206.75,2341.25,4.14,0
2016-12-09T21:00:00.000,52406,-51872.25,533.75,1.02,0
2016-12-09T22:00:00.000,45908,-45026.25,881.75,1.92,0
2016-12-09T23:00:00.000,34973,-35052.75,-79.75,-0.23,0
2016-12-10T00:00:00.000,23951,-22960.75,990.25,4.13,0
2016-12-10T01:00:00.000,12369,-13935.75,-1566.75,-11.24,0
2016-12-10T02:00:00.000,7912,-8281,-369,-4.46,0
2016-12-10T03:00:00.000,5305,-5129,176,3.32,0
2016-12-10T04:00:00.000,3870,-3247.5,622.5,16.09,0
2016-12-10T05:00:00.000,3289,-3105,184,5.59,0
2016-12-10T06:00:00.000,4094,-4248.75,-154.75,-3.64,0
2016-12-10T07:00:00.000,7372,-7184.5,187.5,2.54,0
2016-12-10T08:00:00.000,14049,-13502.75,546.25,3.89,0
2016-12-10T09:00:00.000,32715,-53536.75,-20821.75,-38.89,0
2016-12-10T10:00:00.000,53057,-43976.5,9080.5,17.11,0
2016-12-10T11:00:00.000,41090,-40262.75,827.25,2.01,0
2016-12-10T12:00:00.000,49145,-52813,-3668,-6.95,0
2016-12-10T13:00:00.000,51496,-53244.5,-1748.5,-3.28,0
2016-12-10T14:00:00.000,45404,-45206.5,197.5,0.43,0
2016-12-10T15:00:00.000,45218,-45458.75,-240.75,-0.53,0
2016-12-10T16:00:00.000,47364,-47821.75,-457.75,-0.96,0
2016-12-10T17:00:00.000,53556,-52427.5,1128.5,2.11,0
2016-12-10T18:00:00.000,52954,-51838,1116,2.11,0
2016-12-10T19:00:00.000,52909,-51519.5,1389.5,2.63,0
2016-12-10T20:00:00.000,51188,-50547,641,1.25,0
2016-12-10T21:00:00.000,48431,-48125.75,305.25,0.63,0
2016-12-10T22:00:00.000,43048,-43471.75,-423.75,-0.97,0
2016-12-10T23:00:00.000,34985,-35056.25,-71.25,-0.2,0
2016-12-11T00:00:00.000,24060,-24514.5,-454.5,-1.85,0
2016-12-11T01:00:00.000,14787,-16119.25,-1332.25,-8.26,0
2016-12-11T02:00:00.000,10021,-9835,186,1.86,0
2016-12-11T03:00:00.000,6609,-6088,521,7.88,0
2016-12-11T04:00:00.000,4089,-4233.25,-144.25,-3.41,0
2016-12-11T05:00:00.000,3332,-3117.75,214.25,6.43,0
2016-12-11T06:00:00.000,3624,-3711.5,-87.5,-2.36,0
2016-12-11T07:00:00.000,5102,-4798,304,5.96,0
2016-12-11T08:00:00.000,9698,-9123.75,574.25,5.92,0
2016-12-11T09:00:00.000,21146,-39910.25,-18764.25,-47.02,0
2016-12-11T10:00:00.000,54428,-41074,13354,24.54,0
2016-12-11T11:00:00.000,33110,-48471.25,-15361.25,-31.69,0
2016-12-11T12:00:00.000,42189,-47983.75,-5794.75,-12.08,0
2016-12-11T13:00:00.000,47853,-49696.25,-1843.25,-3.71,0
2016-12-11T14:00:00.000,42272,-44589.25,-2317.25,-5.2,0
2016-12-11T15:00:00.000,41731,-42105.5,-374.5,-0.89,0
2016-12-11T16:00:00.000,42718,-47945.75,-5227.75,-10.9,0
2016-12-11T17:00:00.000,49577,-49820.5,-243.5,-0.49,0
2016-12-11T18:00:00.000,50163,-50229,-66,-0.13,0
2016-12-11T19:00:00.000,51045,-50013.25,1031.75,2.02,0
2016-12-11T20:00:00.000,49187,-50272.75,-1085.75,-2.16,0
2016-12-11T21:00:00.000,49280,-48876.5,403.5,0.82,0
2016-12-11T22:00:00.000,40292,-40854.75,-562.75,-1.38,0
2016-12-11T23:00:00.000,28185,-28750.5,-565.5,-1.97,0
2016-12-12T00:00:00.000,16946,-16202.5,743.5,4.39,0
2016-12-12T01:00:00.000,9161,-8894,267,2.91,0
2016-12-12T02:00:00.000,4918,-4895.5,22.5,0.46,0
2016-12-12T03:00:00.000,2905,-2877,28,0.96,0
2016-12-12T04:00:00.000,2398,-2201,197,8.22,0
2016-12-12T05:00:00.000,2635,-3004.75,-369.75,-12.31,0
2016-12-12T06:00:00.000,6172,-5878,294,4.76,0
2016-12-12T07:00:00.000,13421,-14051,-630,-4.48,0
2016-12-12T08:00:00.000,21870,-22638.5,-768.5,-3.39,0
2016-12-12T09:00:00.000,32194,-55485.5,-23291.5,-41.98,0
2016-12-12T10:00:00.000,57531,-39545.75,17985.25,31.26,0
2016-12-12T11:00:00.000,42506,-44987.25,-2481.25,-5.52,0
2016-12-12T12:00:00.000,56025,-57355,-1330,-2.32,0
2016-12-12T13:00:00.000,55598,-54897,701,1.26,0
2016-12-12T14:00:00.000,47661,-47892,-231,-0.48,0
2016-12-12T15:00:00.000,48619,-53661.25,-5042.25,-9.4,0
2016-12-12T16:00:00.000,52225,-52412.75,-187.75,-0.36,0
2016-12-12T17:00:00.000,61276,-60821,455,0.74,0
2016-12-12T18:00:00.000,58608,-58445.5,162.5,0.28,0
2016-12-12T19:00:00.000,57199,-55934.5,1264.5,2.21,0
2016-12-12T20:00:00.000,56453,-52050.25,4402.75,7.8,0
2016-12-12T21:00:00.000,53002,-51093.25,1908.75,3.6,0
2016-12-12T22:00:00.000,43078,-47852.75,-4774.75,-9.98,0
2016-12-12T23:00:00.000,29400,-30181.25,-781.25,-2.59,0
2016-12-13T00:00:00.000,16370,-16524.5,-154.5,-0.93,0
2016-12-13T01:00:00.000,9022,-9315,-293,-3.15,0
2016-12-13T02:00:00.000,4912,-5105,-193,-3.78,0
2016-12-13T03:00:00.000,3209,-2919.75,289.25,9.01,0
2016-12-13T04:00:00.000,2186,-2130.75,55.25,2.53,0
2016-12-13T05:00:00.000,2594,-2559.5,34.5,1.33,0
2016-12-13T06:00:00.000,4868,-5736.75,-868.75,-15.14,0
2016-12-13T07:00:00.000,15048,-14288.25,759.75,5.05,0
2016-12-13T08:00:00.000,23301,-22730.25,570.75,2.45,0
2016-12-13T09:00:00.000,40192,-65681.5,-25489.5,-38.81,0
2016-12-13T10:00:00.000,76080,-64327,11753,15.45,0
2016-12-13T11:00:00.000,58781,-58570.75,210.25,0.36,0
2016-12-13T12:00:00.000,54462,-58608,-4146,-7.07,0
2016-12-13T13:00:00.000,63015,-55203.5,7811.5,12.4,0
2016-12-13T14:00:00.000,105464,-44620.75,60843.25,57.69,0
2016-12-13T15:00:00.000,86065,-48381.5,37683.5,43.78,0
2016-12-13T16:00:00.000,53320,-52165.5,1154.5,2.17,0
2016-12-13T17:00:00.000,61510,-60984.75,525.25,0.85,0
2016-12-13T18:00:00.000,59416,-59321.5,94.5,0.16,0
2016-12-13T19:00:00.000,60912,-57670.5,3241.5,5.32,0
2016-12-13T20:00:00.000,55658,-54333,1325,2.38,0
2016-12-13T21:00:00.000,53249,-52096,1153,2.17,0
2016-12-13T22:00:00.000,43864,-43234.5,629.5,1.44,0
2016-12-13T23:00:00.000,29845,-30058.75,-213.75,-0.71,0
2016-12-14T00:00:00.000,16971,-16546.5,424.5,2.5,0
2016-12-14T01:00:00.000,9409,-9043.25,365.75,3.89,0
2016-12-14T02:00:00.000,4625,-5392.25,-767.25,-14.23,0
2016-12-14T03:00:00.000,2759,-3068.75,-309.75,-10.09,0
2016-12-14T04:00:00.000,2084,-2187,-103,-4.71,0
2016-12-14T05:00:00.000,2675,-2668.25,6.75,0.25,0
2016-12-14T06:00:00.000,5587,-5718.5,-131.5,-2.3,0
2016-12-14T07:00:00.000,14258,-14230.75,27.25,0.19,0
2016-12-14T08:00:00.000,21749,-22068,-319,-1.45,0
2016-12-14T09:00:00.000,32378,-69537.5,-37159.5,-53.44,0
2016-12-14T10:00:00.000,89257,-83390.5,5866.5,6.57,0
2016-12-14T11:00:00.000,96879,-62052.25,34826.75,35.95,0
2016-12-14T12:00:00.000,106527,-55519.25,51007.75,47.88,0
2016-12-14T13:00:00.000,108190,-55345.5,52844.5,48.84,0
2016-12-14T14:00:00.000,107317,-47402.75,59914.25,55.83,0
2016-12-14T15:00:00.000,104351,-48952.75,55398.25,53.09,0
2016-12-14T16:00:00.000,111262,-51618.5,59643.5,53.61,0
2016-12-14T17:00:00.000,70369,-59619,10750,15.28,0
2016-12-14T18:00:00.000,57633,-57578,55,0.1,0
2016-12-14T19:00:00.000,57065,-56147.25,917.75,1.61,0
2016-12-14T20:00:00.000,54231,-54727.5,-496.5,-0.91,0
2016-12-14T21:00:00.000,52453,-50769.5,1683.5,3.21,0
2016-12-14T22:00:00.000,42826,-43497.25,-671.25,-1.54,0
2016-12-14T23:00:00.000,30624,-32671,-2047,-6.27,0
2016-12-15T00:00:00.000,16673,-16901.5,-228.5,-1.35,0
2016-12-15T01:00:00.000,9552,-8853.75,698.25,7.31,0
2016-12-15T02:00:00.000,4996,-5020.25,-24.25,-0.48,0
2016-12-15T03:00:00.000,3022,-2951.5,70.5,2.33,0
2016-12-15T04:00:00.000,2184,-2113.25,70.75,3.24,0
2016-12-15T05:00:00.000,2533,-2757,-224,-8.12,0
2016-12-15T06:00:00.000,5877,-5705.25,171.75,2.92,0
2016-12-15T07:00:00.000,13612,-14232.25,-620.25,-4.36,0
2016-12-15T08:00:00.000,22555,-22406,149,0.66,0
2016-12-15T09:00:00.000,34005,-67381.75,-33376.75,-49.53,0
2016-12-15T10:00:00.000,89221,-67490,21731,24.36,0
2016-12-15T11:00:00.000,96798,-64765.25,32032.75,33.09,0
2016-12-15T12:00:00.000,103298,-66786.75,36511.25,35.35,0
2016-12-15T13:00:00.000,104022,-67752.75,36269.25,34.87,0
2016-12-15T14:00:00.000,93793,-59047.75,34745.25,37.04,0
2016-12-15T15:00:00.000,49050,-61685,-12635,-20.48,0
2016-12-15T16:00:00.000,51805,-66423.5,-14618.5,-22.01,0
2016-12-15T17:00:00.000,60812,-77745.75,-16933.75,-21.78,0
2016-12-15T18:00:00.000,59169,-74200.75,-15031.75,-20.26,0
2016-12-15T19:00:00.000,57449,-69805.75,-12356.75,-17.7,0
2016-12-15T20:00:00.000,54881,-67815.25,-12934.25,-19.07,0
2016-12-15T21:00:00.000,51925,-52355.75,-430.75,-0.82,0
2016-12-15T22:00:00.000,43381,-43529.25,-148.25,-0.34,0
2016-12-15T23:00:00.000,30413,-30360.25,52.75,0.17,0
2016-12-16T00:00:00.000,18223,-16973.75,1249.25,6.86,0
2016-12-16T01:00:00.000,9776,-9560.25,215.75,2.21,0
2016-12-16T02:00:00.000,5751,-5633.75,117.25,2.04,0
2016-12-16T03:00:00.000,3663,-3262.5,400.5,10.93,0
2016-12-16T04:00:00.000,2793,-2351.5,441.5,15.81,0
2016-12-16T05:00:00.000,3136,-2956,180,5.74,0
2016-12-16T06:00:00.000,6246,-5673.25,572.75,9.17,0
2016-12-16T07:00:00.000,14540,-13945.25,594.75,4.09,0
2016-12-16T08:00:00.000,22483,-22812.75,-329.75,-1.45,0
2016-12-16T09:00:00.000,76851,-71072,5779,7.52,0
2016-12-16T10:00:00.000,71909,-59224.25,12684.75,17.64,0
2016-12-16T11:00:00.000,95898,-58764.75,37133.25,38.72,0
2016-12-16T12:00:00.000,96207,-66955.5,29251.5,30.4,0
2016-12-16T13:00:00.000,70837,-69923.25,913.75,1.29,0
2016-12-16T14:00:00.000,48371,-64279.75,-15908.75,-24.75,0
2016-12-16T15:00:00.000,52708,-60478.25,-7770.25,-12.85,0
2016-12-16T16:00:00.000,55963,-55346,617,1.1,0
2016-12-16T17:00:00.000,63285,-62982.25,302.75,0.48,0
2016-12-16T18:00:00.000,60807,-60384.5,422.5,0.69,0
2016-12-16T19:00:00.000,58522,-59868.75,-1346.75,-2.25,0
2016-12-16T20:00:00.000,54621,-55388.75,-767.75,-1.39,0
2016-12-16T21:00:00.000,51416,-52570,-1154,-2.2,0
2016-12-16T22:00:00.000,45197,-45647.5,-450.5,-0.99,0
2016-12-16T23:00:00.000,33156,-35017.5,-1861.5,-5.32,0
2016-12-17T00:00:00.000,23052,-23253,-201,-0.86,0
2016-12-17T01:00:00.000,13545,-13404.5,140.5,1.04,0
2016-12-17T02:00:00.000,8177,-8161.75,15.25,0.19,0
2016-12-17T03:00:00.000,4926,-5159,-233,-4.52,0
2016-12-17T04:00:00.000,3264,-3339.25,-75.25,-2.25,0
2016-12-17T05:00:00.000,3148,-3217.25,-69.25,-2.15,0
2016-12-17T06:00:00.000,4633,-4245.75,387.25,8.36,0
2016-12-17T07:00:00.000,7686,-7392.5,293.5,3.82,0
2016-12-17T08:00:00.000,13217,-13710,-493,-3.6,0
2016-12-17T09:00:00.000,65538,-45996.5,19541.5,29.82,0
2016-12-17T10:00:00.000,84084,-42613.5,41470.5,49.32,0
2016-12-17T11:00:00.000,91761,-40354.5,51406.5,56.02,0
2016-12-17T12:00:00.000,55838,-52755.25,3082.75,5.52,0
2016-12-17T13:00:00.000,52227,-53132.5,-905.5,-1.7,0
2016-12-17T14:00:00.000,46180,-45237,943,2.04,0
2016-12-17T15:00:00.000,46684,-45274.5,1409.5,3.02,0
2016-12-17T16:00:00.000,46449,-46684.25,-235.25,-0.5,0
2016-12-17T17:00:00.000,52221,-52592.25,-371.25,-0.71,0
2016-12-17T18:00:00.000,52194,-52260,-66,-0.13,0
2016-12-17T19:00:00.000,52712,-51907,805,1.53,0
2016-12-17T20:00:00.000,50454,-50662.75,-208.75,-0.41,0
2016-12-17T21:00:00.000,48984,-48320,664,1.36,0
2016-12-17T22:00:00.000,42512,-43298.75,-786.75,-1.82,0
2016-12-17T23:00:00.000,34681,-35184.75,-503.75,-1.43,0
2016-12-18T00:00:00.000,23488,-24381.25,-893.25,-3.66,0
2016-12-18T01:00:00.000,15461,-15659.5,-198.5,-1.27,0
2016-12-18T02:00:00.000,9202,-9703.75,-501.75,-5.17,0
2016-12-18T03:00:00.000,5939,-6070.25,-131.25,-2.16,0
2016-12-18T04:00:00.000,3967,-3989.5,-22.5,-0.56,0
2016-12-18T05:00:00.000,3084,-3122.75,-38.75,-1.24,0
2016-12-18T06:00:00.000,3251,-3611.75,-360.75,-9.99,0
2016-12-18T07:00:00.000,4838,-4762,76,1.57,0
2016-12-18T08:00:00.000,8629,-9238,-609,-6.59,0
2016-12-18T09:00:00.000,41274,-38009.25,3264.75,7.91,0
2016-12-18T10:00:00.000,26298,-48338,-22040,-45.6,0
2016-12-18T11:00:00.000,32092,-48455.5,-16363.5,-33.77,0
2016-12-18T12:00:00.000,44244,-48034,-3790,-7.89,0
2016-12-18T13:00:00.000,47651,-49216,-1565,-3.18,0
2016-12-18T14:00:00.000,40788,-41650.25,-862.25,-2.07,0
2016-12-18T15:00:00.000,41500,-41820,-320,-0.77,0
2016-12-18T16:00:00.000,55840,-45743.75,10096.25,18.08,0
2016-12-18T17:00:00.000,63898,-49562.5,14335.5,22.43,0
2016-12-18T18:00:00.000,49304,-49852,-548,-1.1,0
2016-12-18T19:00:00.000,48981,-49771,-790,-1.59,0
2016-12-18T20:00:00.000,48082,-49700.5,-1618.5,-3.26,0
2016-12-18T21:00:00.000,46682,-48409,-1727,-3.57,0
2016-12-18T22:00:00.000,39896,-40291.75,-395.75,-0.98,0
2016-12-18T23:00:00.000,27778,-28430.5,-652.5,-2.3,0
